"metric","unit","baseline","current","delta"
"absolute_day","days","0","13.29794173973592","13.29794173973592"
"age_since_generation","days","0","13.29794173973592","13.29794173973592"
"summary","","tilt 23.4° · season 0.0° · current 0.3 m/s · vegetation on · ice albedo on","tilt 23.4° · season 13.1° · current 0.3 m/s · vegetation on · ice albedo on",""
"parameters","","{""planet"":{""schemaVersion"":1,""radiusM"":6371008.4,""densityKgM3"":5513.4,""reliefM"":10000,""oceanDepthM"":11000,""siderealPeriodS"":86164.09054,""retrograde"":false,""obliquityRad"":0.4090926102968565},""orbit"":{""distanceM"":149597870700,""bondAlbedo"":0.3,""spinPhaseRad"":0,""orbitPhaseRad"":0},""thermal"":{""emissivity"":0.61,""landHeatCapacity"":2000000,""oceanDepthM"":10,""diffusion"":0.55},""water"":{""evaporationFraction"":0.5,""soilCapacityKgM2"":150,""initialOceanDepthM"":1000,""windMps"":10,""moistureDiffusivityM2s"":1000000,""routingSpeedMps"":1},""environment"":{""oceanStrengthMps"":0.3,""vegetation"":true,""iceAlbedo"":true}}","{""planet"":{""schemaVersion"":1,""radiusM"":6371008.4,""densityKgM3"":5513.4,""reliefM"":10000,""oceanDepthM"":11000,""siderealPeriodS"":86164.09054,""retrograde"":false,""obliquityRad"":0.4090926102968565},""orbit"":{""distanceM"":149597870700,""bondAlbedo"":0.3,""spinPhaseRad"":0,""orbitPhaseRad"":0},""thermal"":{""emissivity"":0.61,""landHeatCapacity"":2000000,""oceanDepthM"":10,""diffusion"":0.55},""water"":{""evaporationFraction"":0.5,""soilCapacityKgM2"":150,""initialOceanDepthM"":1000,""windMps"":10,""moistureDiffusivityM2s"":1000000,""routingSpeedMps"":1},""environment"":{""oceanStrengthMps"":0.3,""vegetation"":true,""iceAlbedo"":true}}",""
"Global temperature","°C","13.111593301843072","12.95458776237598","-0.15700553946709306"
"Ocean ice cover","% ocean","26.96368216836297","23.74088441895708","-3.2227977494058884"
"Land snow cover","% land","20.97004199735878","14.068737450436636","-6.901304546922145"
"North polar ocean ice (>60°)","% ocean","99.64591238179368","100","0.3540876182063215"
"South polar ocean ice (<−60°)","% ocean","99.49839502930563","88.67081278069129","-10.827582248614334"
"Vegetation cover","% land","40.1423597084259","39.29643199349408","-0.8459277149318183"
"Mean albedo","0–1","0.3859493955395503","0.369042632415113","-0.01690676312443734"
"Snow inventory","global mm","11.206121467029764","8.476558686278135","-2.7295627807516283"
"Sea-ice inventory","global mm","182.07181776439097","226.4552198360133","44.38340207162233"
"Snowmelt","global mm/day","0","0.21079033639713377","0.21079033639713377"
"Precipitation","mm/day","1.5110992814222288","0.8134445086194823","-0.6976547728027466"
"Maximum current","m/s","0.05840969001306033","0.0674253897122348","0.00901569969917447"
"Water budget residual","mm","0","-7.566995918750763e-9","-7.566995918750763e-9"
"Total enthalpy residual","J/m²","0","-0.000007763504981994629","-0.000007763504981994629"